abcaz	abecásia
abcásio	abecásia
abecásio	abecásia
abecázio	abecásia
acadiano	mesopotamia/mesopotâmia
acupuntura	china/china
acádio	mesopotamia/mesopotâmia
adad	babilonia/babilónia/babilônia
adapa	babilonia/babilónia/babilônia
agoureiro	roma
al-qaeda	afeganistão/paquistão
al-qaida	afeganistão/paquistão
alemão	alemanha
alfândega	e.u.a./eeuu/eua/reino-unido/américa/grã-bretanha
almirantado	reino-unido/grã-bretanha
anglo-saxão	reino-unido/grã-bretanha
anoraque	reino-unido/grã-bretanha
anshar	babilonia/babilónia/babilônia
anu	babilonia/babilónia/babilônia
anunnaki	babilonia/babilónia/babilônia
ashram	india/india/índia/índia
astarte	fenícia
atlanta	georgia
australiano	austrália
auto-de-fé	espanha
avaliador	reino-unido/grã-bretanha
avó	reino-unido/grã-bretanha
babilonia	mesopotamia/mesopotâmia
babilónia	babilonia/mesopotamia/mesopotâmia/babilônia
babilônia	babilonia/mesopotamia/mesopotâmia/babilónia
baco	grécia/roma
bandido	e.u.a./eeuu/eua/américa
banshee	irlanda/irlanda
bar	reino-unido/grã-bretanha
barra	reino-unido/grã-bretanha
basilicata	italia/itália
bastilha	frança
bicicleta	reino-unido/grã-bretanha
bilhão	e.u.a./eeuu/eua/reino-unido/américa/grã-bretanha
bilião	reino-unido/grã-bretanha
biscoito	reino-unido/grã-bretanha
bocal	e.u.a./eeuu/eua/américa
bolacha	reino-unido/grã-bretanha
bonheur	frança
bosquezinho	reino-unido/grã-bretanha
boteco	reino-unido/grã-bretanha
botequim	reino-unido/grã-bretanha
burrito	méxico
cadeia	reino-unido/grã-bretanha
cafetão	inglaterra
calabria	italia/itália
calamar	italia/itália
calábria	italia/itália
camicase	japão
cannae	italia/itália
cara-pálida	e.u.a./eeuu/eua/américa
caratê	japão
castelhano	espanha
catacumba	roma
catalão	espanha
centurião	roma
chanceler	reino-unido/grã-bretanha
chapati	india/índia
chapultepec	méxico
charneca	reino-unido/grã-bretanha
charnecas	reino-unido/grã-bretanha
chili	méxico
chinês	china
chulo	inglaterra
chá	reino-unido/grã-bretanha
cientista	reino-unido/grã-bretanha
circassiano	caucaso/cáucaso
coca	e.u.a./eeuu/eua/américa
cola	e.u.a./eeuu/eua/américa
colega	reino-unido/austrália/grã-bretanha
condado	e.u.a./eeuu/eua/reino-unido/reino-unido/américa/grã-bretanha/grã-bretanha
condestável	reino-unido/grã-bretanha
conquistador	méxico/espanha
cookie	reino-unido/grã-bretanha
corregidor	filipinas
criança	escocia/escócia
cruzamento	roma
curling	escocia/escócia
custos	reino-unido/grã-bretanha
cânion	escocia/escócia
dagon	fenícia
danu	irlanda
dedo-duro	reino-unido/grã-bretanha
departamento	frança
deputado	frança/reino-unido/grã-bretanha
distrito	frança/japão
ditirambo	grécia
dólar	e.u.a./eeuu/eua/américa
emir	africa/arábia/áfrica/árabia
enchilada	méxico
enki	suméria
enlil	suméria/suméria
enquidu	suméria
escocês	escocia/escócia
escravo	europa
escritório	reino-unido/grã-bretanha
espanhol	espanha
estagiária	reino-unido/grã-bretanha
estagiário	reino-unido/grã-bretanha
estepe	urss/rússia
estrada	reino-unido/grã-bretanha
eta	espanha
face	reino-unido/grã-bretanha
falafel	médio-oriente
farinha	reino-unido/grã-bretanha
fatah	jordania/jordânia/palestina/israel
fdlp	palestina
fedor	reino-unido/grã-bretanha
fenício	fenícia
fisiognomia	reino-unido/grã-bretanha
fisionomia	reino-unido/grã-bretanha
focinho	e.u.a./eeuu/eua/américa
fplp	palestina
francês	frança
futon	japão
gafe	reino-unido/grã-bretanha
galego	espanha
gaélico	irlanda
gilgamesh	suméria
gilgamish	suméria
gladiador	roma
go	japão/japão
golfinho	havaí
grapo	espanha/espanha
grego	grécia
gringo	e.u.a./eeuu/eua/américa
grã-bretanha	reino-unido
guido	reino-unido/grã-bretanha
haganah	israel
haganá	israel
haggis	escocia/escócia
hangzhou	china
harakiri	japão
havaiano	havaí
hedeoma	e.u.a./eeuu/eua/américa
hinduismo	bangladeche/bangladesh/ceilão/india/nepal/sri-lanka/índia
hinduísmo	bangladeche/bangladesh/ceilão/india/nepal/sri-lanka/índia
hizbollah	líbano
ianque	e.u.a./eeuu/eua/américa
inanna	suméria
inquisidor-geral	portugal/espanha
irlandês	irlanda
ishtar	assiria/assíria/babilonia/babilónia/babilônia
italiano	italia/itália
japonês	japão
jiu-jitsu	japão
jiu-jítsu	japão
joaninha	reino-unido/grã-bretanha
kamikaze	japão
karatê	japão
kedgeree	reino-unido/grã-bretanha
ki	china/china
kibboutz	israel
kibutz	israel/israel
kolkhoz	urss/urss/rússia/rússia
kvas	urss/rússia
lady	reino-unido/grã-bretanha
lashkar-e-taiba	paquistão
lavabo	reino-unido/grã-bretanha
legionário	frança
leuctra	grécia
leyte	filipinas
luau	havaí
lug	irlanda
lutefisk	escandinávia
macacão	reino-unido/grã-bretanha
macintosh	reino-unido/grã-bretanha
madraçal	bangladeche/bangladesh/paquistão
mantineia	grécia
marduque	babilonia/babilónia/babilônia
margrave	alemanha
maçaneta	reino-unido/grã-bretanha
melaço	reino-unido/grã-bretanha
mercantilismo	europa/europa
merenda	reino-unido/grã-bretanha
mestiço	e.u.a./eeuu/eua/américa
mexicano	méxico
mexicano-americano	méxico
mi6	reino-unido/grã-bretanha
midas	grécia
minden	alemanha
ministro	reino-unido/grã-bretanha
missô	japão
mod	reino-unido/grã-bretanha
morrigan	irlanda
morrígan	irlanda
moshav	israel/israel
mossad	israel
nababo	india/índia
nabu	babilonia/babilónia/babilônia
namibia	africa/áfrica
nammu	suméria
namtar	mesopotamia/mesopotâmia/suméria
namíbia	africa/áfrica
nanna	mesopotamia/mesopotâmia
negra	africa/áfrica
negro	africa/áfrica
nergal	mesopotamia/mesopotâmia
ningal	mesopotamia/mesopotâmia
ningishzida	babilonia/babilónia/babilônia
ninhursag	suméria
ninurta	babilonia/suméria/babilónia/babilônia
niña	babilonia/babilónia/babilônia
norte	e.u.a./eeuu/eua/américa
nortista	e.u.a./eeuu/eua/américa
nous	reino-unido/grã-bretanha
nusku	assiria/assíria
origami	japão/japão
orleães	frança
paeja	espanha
paelha	espanha
paella	espanha
pai-nosso	reino-unido/grã-bretanha
pancadaria	reino-unido/grã-bretanha
panteão	grécia/grécia/roma/roma
panzer	alemanha
par	reino-unido/grã-bretanha
parca	reino-unido/grã-bretanha
parlamento	reino-unido/grã-bretanha
patronímico	irlanda
patrão	frança
perdiz	e.u.a./eeuu/eua/américa
peã	grécia
pia	reino-unido/grã-bretanha
pietismo	alemanha
pita	médio-oriente
pleven	bulgaria/bulgária
podadeira	reino-unido/grã-bretanha
poitiers	frança
polegada	e.u.a./eeuu/eua/reino-unido/américa/grã-bretanha
polenta	italia/itália
português	portugal
pouquinho	escocia/escócia
preceptor	reino-unido/reino-unido/grã-bretanha/grã-bretanha
presídio	reino-unido/grã-bretanha
prisão	reino-unido/grã-bretanha
proxeneta	inglaterra
proxenetismo	inglaterra
pub	reino-unido/grã-bretanha
pudim	reino-unido/grã-bretanha
puebla	méxico
puritanismo	inglaterra
pãozinho	escocia/escócia
queroneia	grécia
qui	china
raf	alemanha
ravenna	italia/itália
ravina	escocia/escócia
reitor	reino-unido/grã-bretanha
residente	reino-unido/grã-bretanha
ribeiro	sudoeste
rod	reino-unido/grã-bretanha
rosto	reino-unido/grã-bretanha
russo	urss/rússia
râguebi	reino-unido/grã-bretanha
rúgbi	reino-unido/grã-bretanha
safado	inglaterra
safari	africa/áfrica
safári	africa/áfrica
sala	reino-unido/grã-bretanha
salerno	italia/itália
salão	reino-unido/grã-bretanha
sangria	espanha
saqué	japão/japão
saquê	japão
sashimi	japão
secateurs	reino-unido/grã-bretanha
servo	europa
sesta	reino-unido/grã-bretanha
shabak	israel
shamash	assiria/assíria/babilonia/babilónia/babilônia
sherwood	inglaterra
shogi	japão
sir	reino-unido/grã-bretanha
siracusa	sicília
skiffle	reino-unido/grã-bretanha
sobremesa	reino-unido/grã-bretanha
soissons	frança
solicitador	roma
somme	frança/frança
souvlaki	grécia/grécia
stone	reino-unido/grã-bretanha
subcontinente	groenlândia/gronelandia/gronelândia/groênlandia/india/índia
suchi	japão
sumô	japão
sushi	japão
suástica	alemanha
svástica	alemanha
sísifo	grécia
taberna	reino-unido/grã-bretanha
tabu	polinesia/polinésia
tabule	líbano
tabú	polinesia/polinésia
taco	méxico
tamal	méxico
taxas	reino-unido/grã-bretanha
tempurá	japão
termópilas	grécia
teutões	alemanha
thatcherismo	reino-unido/grã-bretanha
tiamat	mesopotamia/mesopotâmia
toronto	canada/canadá
torrada	méxico
tortilla	méxico
totem	e.u.a./e.u.a./eeuu/eeuu/eua/eua/américa/américa
trapézio	e.u.a./e.u.a./eeuu/eeuu/eua/eua/américa/américa
trepa-trepa	reino-unido/grã-bretanha
tribo	e.u.a./eeuu/eua/américa
tricolor	frança
trilhão	alemanha/e.u.a./eeuu/eua/frança/reino-unido/américa/grã-bretanha
trojan	grécia
troll	escandinávia/escandinávia
ukulele	havaí
união	e.u.a./eeuu/eua/américa
vale	reino-unido/grã-bretanha
wasabi	japão
woland	europa
xamanismo	e.u.a./e.u.a./eeuu/eeuu/eua/eua/américa/américa
yakuza	japão
ypres	bélgica
áugures	roma

